{"train/cls_llm":1.7726362943649292,"train/recon_llm":0.1409418135881424,"warmup/epoch":40,"Mean_Test_accuracy":0.5965311653116531,"train/accuracy_fused":0.6771815718157181,"val/loss":1.913964033126831,"Test_accuracy":0.5936260162601626,"Mean_Val_accuracy":0.5942330623306233,"test/loss":1.9079129695892334,"warmup/cls_llm":1.9759571552276611,"Val_accuracy":0.5924552845528456,"train/epoch":180,"_wandb":{"runtime":134},"train/cls_tlm":1.7927823066711426,"_timestamp":1.7653047183452818e+09,"test/accuracy_fused":0.5891382113821139,"val/accuracy_fused":0.5893983739837398,"_step":45,"warmup/recon_llm":0.14755012094974518,"_runtime":134.927731822,"train/total_loss":4.237722873687744,"warmup/total_loss":2.123507261276245,"train/recon_tlm":0.5313623547554016}