{"_wandb":{"runtime":150},"_runtime":148.110178891,"train/epoch":60,"train/recon_tlm":0.3007623851299286,"warmup/total_loss":2.1512725353240967,"train/accuracy_fused":0.6004769647696477,"Test_accuracy":0.5881626016260163,"warmup/epoch":40,"val/accuracy_fused":0.5629918699186992,"train/cls_llm":1.9013656377792358,"train/cls_tlm":1.8780028820037842,"warmup/recon_llm":0.13503865897655487,"test/loss":2.0012264251708984,"train/total_loss":4.209568977355957,"_timestamp":1.765301465474953e+09,"_step":45,"train/recon_llm":0.12943807244300842,"val/loss":2.011202335357666,"test/accuracy_fused":0.5669593495934959,"warmup/cls_llm":2.0162339210510254,"Val_accuracy":0.5891382113821139}