{"warmup/total_loss":2.1566367149353027,"test/accuracy_fused":0.5696910569105691,"train/total_loss":3.877671003341675,"_wandb":{"runtime":509},"_timestamp":1.7653006502840939e+09,"Val_accuracy":0.5908292682926829,"train/recon_llm":0.12880919873714447,"_step":159,"_runtime":509.562535041,"warmup/epoch":40,"Mean_Val_accuracy":0.5928455284552846,"Test_accuracy":0.5910243902439024,"warmup/cls_llm":2.0187630653381348,"Mean_Test_accuracy":0.5929322493224932,"warmup/recon_llm":0.13787363469600677,"train/cls_llm":1.7440036535263062,"val/loss":1.9837888479232788,"train/cls_tlm":1.7133104801177979,"val/accuracy_fused":0.5696260162601626,"train/epoch":1000,"train/recon_tlm":0.2915477454662323,"train/accuracy_fused":0.6837289972899729,"test/loss":1.9850702285766602}