{"train/total_loss":3.9397494792938232,"warmup/cls_llm":1.9897606372833252,"warmup/epoch":40,"train/cls_tlm":1.7881195545196533,"train/epoch":240,"train/recon_tlm":0.27631664276123047,"_step":13,"warmup/recon_llm":0.13917283713817596,"test/accuracy_fused":0.5378211382113821,"train/recon_llm":0.1261269450187683,"warmup/total_loss":2.1289334297180176,"train/cls_llm":1.7491862773895264,"_timestamp":1.765300981552018e+09,"test/loss":2.154243230819702,"train/accuracy_fused":0.6242818428184281,"_wandb":{"runtime":107},"val/accuracy_fused":0.5449756097560976,"val/loss":2.158524751663208,"_runtime":104.864680959}