{"warmup/cls_llm":2.012396812438965,"train/recon_llm":0.1284206062555313,"train/epoch":260,"val/accuracy_fused":0.5903089430894309,"warmup/total_loss":2.14831280708313,"Mean_Test_accuracy":0.5927154471544714,"_runtime":182.994697756,"Val_accuracy":0.592130081300813,"Test_accuracy":0.5941463414634146,"Mean_Val_accuracy":0.5927588075880759,"test/loss":1.9048452377319336,"test/accuracy_fused":0.5964227642276423,"train/cls_tlm":1.7767424583435059,"train/recon_tlm":0.289539098739624,"warmup/recon_llm":0.13591603934764862,"warmup/epoch":40,"train/accuracy_fused":0.6716964769647696,"val/loss":1.9140710830688477,"_timestamp":1.7653016603479545e+09,"_step":57,"train/cls_llm":1.8079383373260498,"train/total_loss":4.002640724182129,"_wandb":{"runtime":183}}