{"_runtime":175.087267878,"_step":0,"Val_accuracy":0.5974634146341463,"Test_accuracy":0.5996747967479675,"_timestamp":1.765299187858859e+09,"_wandb":{"runtime":202}}