{"warmup/recon_llm":0.16761881113052368,"_wandb":{"runtime":132},"Mean_Test_accuracy":0.5807262872628726,"warmup/epoch":40,"Mean_Val_accuracy":0.5778861788617887,"train/recon_llm":0.1576012223958969,"train/epoch":300,"Val_accuracy":0.5818536585365853,"warmup/cls_llm":1.9918936491012573,"val/accuracy_fused":0.575089430894309,"train/accuracy_fused":0.6648021680216802,"_timestamp":1.7653030384392054e+09,"test/accuracy_fused":0.576130081300813,"train/recon_tlm":0.5710462331771851,"_step":46,"train/cls_tlm":1.7805895805358887,"test/loss":1.992150068283081,"train/cls_llm":1.7662484645843506,"Test_accuracy":0.5823089430894309,"warmup/total_loss":2.159512519836426,"val/loss":1.9958522319793701,"train/total_loss":4.275485515594482,"_runtime":132.062541092}