{"_runtime":496.840000508,"Mean_Val_accuracy":0.5955555555555556,"Mean_Test_accuracy":0.5962276422764228,"_wandb":{"runtime":496},"_step":3,"Val_accuracy":0.5962276422764228,"Test_accuracy":0.5962276422764228,"_timestamp":1.7652973796136432e+09}