{"Test_accuracy":0.5941463414634146,"_timestamp":1.7653035188601105e+09,"_runtime":123.756122837,"warmup/cls_llm":1.9813954830169678,"val/loss":1.9298021793365479,"test/loss":1.9256819486618042,"train/recon_llm":0.13950587809085846,"train/epoch":200,"_wandb":{"runtime":123},"_step":42,"train/recon_tlm":0.5456726551055908,"train/accuracy_fused":0.6745149051490514,"warmup/epoch":40,"val/accuracy_fused":0.5860813008130081,"Mean_Test_accuracy":0.5920867208672087,"test/accuracy_fused":0.5893333333333334,"train/total_loss":4.237632751464844,"train/cls_tlm":1.7830438613891602,"Mean_Val_accuracy":0.5919783197831978,"warmup/total_loss":2.127786874771118,"Val_accuracy":0.5932357723577236,"warmup/recon_llm":0.146391361951828,"train/cls_llm":1.7694106101989746}