{"Val_accuracy":1.1356747967479675,"Test_accuracy":1.1352195121951218,"_timestamp":1.7652948531717188e+09,"Mean_Val_accuracy":1.13469918699187,"Mean_Test_accuracy":1.1338536585365855,"_wandb":{"runtime":297},"_runtime":297.901995205,"_step":3}