{"Mean_Val_accuracy":1.17060162601626,"Mean_Test_accuracy":1.1684769647696476,"_wandb":{"runtime":511},"Test_accuracy":1.1568130081300814,"_timestamp":1.7652964980654957e+09,"_runtime":511.759236046,"_step":3,"Val_accuracy":1.1614959349593494}