{"Mean_Val_accuracy":0.5861897018970189,"train/recon_llm":0.13106796145439148,"train/cls_llm":1.7866935729980469,"_runtime":253.330652052,"train/cls_tlm":1.7648299932479858,"Mean_Test_accuracy":0.5869701897018971,"test/accuracy_fused":0.5892682926829268,"train/accuracy_fused":0.6778536585365854,"val/loss":2.0000064373016357,"Val_accuracy":0.5893333333333334,"val/accuracy_fused":0.5871869918699187,"warmup/total_loss":2.151139259338379,"train/recon_tlm":0.28341174125671387,"warmup/recon_llm":0.1398862600326538,"warmup/cls_llm":2.0112528800964355,"train/epoch":380,"Test_accuracy":0.5903739837398374,"_timestamp":1.7653012754992435e+09,"_step":56,"train/total_loss":3.96600341796875,"_wandb":{"runtime":253},"test/loss":1.9932730197906494,"warmup/epoch":40}