{"Mean_Test_accuracy":0.6329322493224933,"_runtime":109.961726544,"train/cls_tlm":1.6779179573059082,"warmup/recon_llm":0.14965109527111053,"train/cls_llm":1.7401797771453857,"val/accuracy_fused":0.6294634146341463,"Val_accuracy":0.6353821138211382,"val/loss":1.804811716079712,"train/recon_tlm":0.5488373637199402,"warmup/epoch":40,"_step":36,"warmup/total_loss":2.1051864624023438,"warmup/cls_llm":1.9555352926254272,"_wandb":{"runtime":109},"Test_accuracy":0.6351219512195122,"train/epoch":180,"train/accuracy_fused":0.7617560975609756,"test/loss":1.8017566204071045,"test/accuracy_fused":0.6361626016260162,"Mean_Val_accuracy":0.6316747967479674,"train/total_loss":4.109189987182617,"_timestamp":1.7653054065422287e+09,"train/recon_llm":0.1422547549009323}