{"_wandb":{"runtime":198},"_timestamp":1.7652958947542634e+09,"_runtime":177.664351152,"_step":0,"Val_accuracy":1.1719024390243904,"Test_accuracy":1.1764552845528455}